iteration,direction,points_sent,points_received,time
1,down,49,49,2.9325485229492188e-05
2,right,49,49,2.9325485229492188e-05
3,down,49,49,2.1696090698242188e-05
4,right,49,49,4.291534423828125e-06
5,down,49,49,4.0531158447265625e-06
6,right,49,49,1.5020370483398438e-05
7,down,49,49,4.5299530029296875e-06
8,right,49,49,5.7220458984375e-06
9,down,49,49,6.67572021484375e-06
10,right,49,49,2.6226043701171875e-06
11,down,49,49,2.6226043701171875e-06
12,right,49,49,7.867813110351562e-06
13,down,49,49,2.384185791015625e-06
14,right,49,49,2.1457672119140625e-06
15,down,49,49,2.384185791015625e-06
16,right,49,49,2.1457672119140625e-06
17,down,49,49,4.291534423828125e-06
18,right,49,49,1.9073486328125e-06
19,down,49,49,4.291534423828125e-06
20,right,49,49,6.9141387939453125e-06
21,down,49,49,2.6226043701171875e-06
22,right,49,49,3.5762786865234375e-06
23,down,49,49,2.6226043701171875e-06
24,right,49,49,1.9073486328125e-06
25,down,49,49,1.9073486328125e-06
26,right,49,49,2.384185791015625e-06
27,down,49,49,2.1457672119140625e-06
28,right,49,49,2.1457672119140625e-06
29,down,49,49,1.9073486328125e-06
30,right,49,49,1.9073486328125e-06
31,down,49,49,2.1457672119140625e-06
32,right,49,49,1.9073486328125e-06
33,down,49,49,2.384185791015625e-06
34,right,49,49,2.1457672119140625e-06
35,down,49,49,1.9073486328125e-06
36,right,49,49,1.9073486328125e-06
37,down,49,49,2.1457672119140625e-06
38,right,49,49,1.6689300537109375e-06
39,down,49,49,1.9073486328125e-06
40,right,49,49,1.6689300537109375e-06
41,down,49,49,2.1457672119140625e-06
42,right,49,49,1.6689300537109375e-06
43,down,49,49,1.9073486328125e-06
44,right,49,49,1.9073486328125e-06
45,down,49,49,1.9073486328125e-06
46,right,49,49,1.430511474609375e-06
47,down,49,49,1.9073486328125e-06
48,right,49,49,2.1457672119140625e-06
49,down,49,49,2.1457672119140625e-06
50,right,49,49,2.86102294921875e-06
51,down,49,49,2.384185791015625e-06
52,right,49,49,1.9073486328125e-06
53,down,49,49,2.384185791015625e-06
54,right,49,49,1.9073486328125e-06
55,down,49,49,1.9073486328125e-06
56,right,49,49,1.9073486328125e-06
57,down,49,49,1.9073486328125e-06
58,right,49,49,2.1457672119140625e-06
59,down,49,49,1.9073486328125e-06
60,right,49,49,1.9073486328125e-06
61,down,49,49,1.6689300537109375e-06
62,right,49,49,2.1457672119140625e-06
63,down,49,49,2.1457672119140625e-06
64,right,49,49,1.9073486328125e-06
65,down,49,49,1.6689300537109375e-06
66,right,49,49,2.384185791015625e-06
67,down,49,49,2.1457672119140625e-06
68,right,49,49,1.9073486328125e-06
69,down,49,49,3.0994415283203125e-06
70,right,49,49,1.6689300537109375e-05
71,down,49,49,2.1457672119140625e-06
72,right,49,49,1.9073486328125e-06
73,down,49,49,2.1457672119140625e-06
74,right,49,49,1.6689300537109375e-06
75,down,49,49,1.9073486328125e-06
76,right,49,49,1.430511474609375e-06
77,down,49,49,1.9073486328125e-06
78,right,49,49,1.6689300537109375e-06
79,down,49,49,2.384185791015625e-06
80,right,49,49,1.6689300537109375e-06
81,down,49,49,1.6689300537109375e-06
82,right,49,49,1.9073486328125e-06
83,down,49,49,1.6689300537109375e-06
84,right,49,49,1.9073486328125e-06
85,down,49,49,2.1457672119140625e-06
86,right,49,49,1.9073486328125e-06
87,down,49,49,2.1457672119140625e-06
88,right,49,49,1.6689300537109375e-06
89,down,49,49,2.384185791015625e-06
90,right,49,49,1.430511474609375e-06
91,down,49,49,1.6689300537109375e-06
92,right,49,49,2.1457672119140625e-06
93,down,49,49,2.1457672119140625e-06
94,right,49,49,1.9073486328125e-06
95,down,49,49,1.9073486328125e-06
96,right,49,49,2.1457672119140625e-06
97,down,49,49,1.9073486328125e-06
98,right,49,49,2.384185791015625e-06
99,down,49,49,2.1457672119140625e-06
100,right,49,49,2.384185791015625e-06
101,down,49,49,7.867813110351562e-06
102,right,49,49,0.0016646385192871094
103,down,49,49,2.6226043701171875e-06
104,right,49,49,1.6689300537109375e-06
105,down,49,49,3.0994415283203125e-06
106,right,49,49,3.5762786865234375e-06
107,down,49,49,2.1457672119140625e-06
108,right,49,49,1.6689300537109375e-06
109,down,49,49,1.9073486328125e-06
110,right,49,49,1.9073486328125e-06
111,down,49,49,2.384185791015625e-06
112,right,49,49,1.6689300537109375e-06
113,down,49,49,2.1457672119140625e-06
114,right,49,49,1.430511474609375e-06
115,down,49,49,2.6226043701171875e-06
116,right,49,49,1.9073486328125e-06
117,down,49,49,1.9073486328125e-06
118,right,49,49,1.6689300537109375e-06
119,down,49,49,2.1457672119140625e-06
120,right,49,49,1.9073486328125e-06
121,down,49,49,2.1457672119140625e-06
122,right,49,49,1.9073486328125e-06
123,down,49,49,2.1457672119140625e-06
124,right,49,49,2.1457672119140625e-06
125,down,49,49,1.6689300537109375e-06
126,right,49,49,1.9073486328125e-06
127,down,49,49,2.384185791015625e-06
128,right,49,49,1.430511474609375e-06
129,down,49,49,1.9073486328125e-06
130,right,49,49,1.9073486328125e-06
131,down,49,49,1.9073486328125e-06
132,right,49,49,1.9073486328125e-06
133,down,49,49,1.9073486328125e-06
134,right,49,49,1.3828277587890625e-05
135,down,49,49,1.6689300537109375e-06
136,right,49,49,1.6689300537109375e-06
137,down,49,49,1.9073486328125e-06
138,right,49,49,1.6689300537109375e-06
139,down,49,49,1.6689300537109375e-06
140,right,49,49,1.6689300537109375e-06
141,down,49,49,1.6689300537109375e-06
142,right,49,49,1.6689300537109375e-06
143,down,49,49,1.6689300537109375e-06
144,right,49,49,1.9073486328125e-06
145,down,49,49,2.1457672119140625e-06
146,right,49,49,1.430511474609375e-06
147,down,49,49,1.9073486328125e-06
148,right,49,49,1.430511474609375e-06
149,down,49,49,1.9073486328125e-06
150,right,49,49,1.6689300537109375e-06
151,down,49,49,1.6689300537109375e-06
152,right,49,49,1.6689300537109375e-06
153,down,49,49,1.6689300537109375e-06
154,right,49,49,1.9073486328125e-06
155,down,49,49,1.9073486328125e-06
156,right,49,49,1.6689300537109375e-06
157,down,49,49,1.9073486328125e-06
158,right,49,49,1.6689300537109375e-06
159,down,49,49,2.1457672119140625e-06
160,right,49,49,1.6689300537109375e-06
161,down,49,49,1.6689300537109375e-06
162,right,49,49,1.6689300537109375e-06
163,down,49,49,1.9073486328125e-06
164,right,49,49,1.9073486328125e-06
165,down,49,49,1.9073486328125e-06
166,right,49,49,1.430511474609375e-06
167,down,49,49,2.1457672119140625e-06
168,right,49,49,2.1457672119140625e-06
169,down,49,49,1.9073486328125e-06
170,right,49,49,1.6689300537109375e-06
171,down,49,49,1.9073486328125e-06
172,right,49,49,1.9073486328125e-06
173,down,49,49,1.6689300537109375e-06
174,right,49,49,1.9073486328125e-06
175,down,49,49,2.1457672119140625e-06
176,right,49,49,1.6689300537109375e-06
177,down,49,49,1.9073486328125e-06
178,right,49,49,1.6689300537109375e-06
179,down,49,49,1.9073486328125e-06
180,right,49,49,1.6689300537109375e-06
181,down,49,49,1.9073486328125e-06
182,right,49,49,1.6689300537109375e-06
183,down,49,49,1.9073486328125e-06
184,right,49,49,1.6689300537109375e-06
185,down,49,49,1.9073486328125e-06
186,right,49,49,1.6689300537109375e-06
187,down,49,49,2.384185791015625e-06
188,right,49,49,1.6689300537109375e-06
189,down,49,49,1.9073486328125e-06
190,right,49,49,1.9073486328125e-06
191,down,49,49,1.9073486328125e-06
192,right,49,49,2.1457672119140625e-06
193,down,49,49,1.9073486328125e-06
194,right,49,49,1.6689300537109375e-06
195,down,49,49,1.9073486328125e-06
196,right,49,49,1.430511474609375e-06
197,down,49,49,2.1457672119140625e-06
198,right,49,49,1.5497207641601562e-05
199,down,49,49,1.6689300537109375e-06
200,right,49,49,1.9073486328125e-06
201,down,49,49,1.9073486328125e-06
202,right,49,49,2.1457672119140625e-06
203,down,49,49,1.9550323486328125e-05
204,right,49,49,0.0016794204711914062
205,down,49,49,2.384185791015625e-06
206,right,49,49,1.9073486328125e-06
207,down,49,49,1.6689300537109375e-06
208,right,49,49,1.6689300537109375e-06
209,down,49,49,2.384185791015625e-06
210,right,49,49,1.6689300537109375e-06
211,down,49,49,2.1457672119140625e-06
212,right,49,49,1.430511474609375e-06
213,down,49,49,1.9073486328125e-06
214,right,49,49,1.9073486328125e-06
215,down,49,49,1.9073486328125e-06
216,right,49,49,1.9073486328125e-06
217,down,49,49,1.9073486328125e-06
218,right,49,49,1.6689300537109375e-06
219,down,49,49,2.1457672119140625e-06
220,right,49,49,1.430511474609375e-06
221,down,49,49,1.9073486328125e-06
222,right,49,49,1.6689300537109375e-06
223,down,49,49,1.9073486328125e-06
224,right,49,49,1.6689300537109375e-06
225,down,49,49,1.9073486328125e-06
226,right,49,49,1.9073486328125e-06
227,down,49,49,1.6689300537109375e-06
228,right,49,49,1.9073486328125e-06
229,down,49,49,1.9073486328125e-06
230,right,49,49,2.384185791015625e-06
231,down,49,49,1.9073486328125e-06
232,right,49,49,2.1457672119140625e-06
233,down,49,49,1.6689300537109375e-06
234,right,49,49,2.1457672119140625e-06
235,down,49,49,2.1457672119140625e-06
236,right,49,49,1.9073486328125e-06
237,down,49,49,1.6689300537109375e-06
238,right,49,49,1.9073486328125e-06
239,down,49,49,1.9073486328125e-06
240,right,49,49,1.6689300537109375e-06
241,down,49,49,2.384185791015625e-06
242,right,49,49,1.9073486328125e-06
243,down,49,49,2.384185791015625e-06
244,right,49,49,1.9073486328125e-06
245,down,49,49,1.9073486328125e-06
246,right,49,49,1.430511474609375e-06
247,down,49,49,1.9073486328125e-06
248,right,49,49,1.6689300537109375e-06
249,down,49,49,2.384185791015625e-06
250,right,49,49,1.6689300537109375e-06
251,down,49,49,2.1457672119140625e-06
252,right,49,49,1.6689300537109375e-06
253,down,49,49,2.1457672119140625e-06
254,right,49,49,1.6689300537109375e-06
255,down,49,49,1.6689300537109375e-06
256,right,49,49,1.9073486328125e-06
257,down,49,49,2.1457672119140625e-06
258,right,49,49,1.6689300537109375e-06
259,down,49,49,1.9073486328125e-06
260,right,49,49,2.1457672119140625e-06
261,down,49,49,2.86102294921875e-06
262,right,49,49,1.4543533325195312e-05
263,down,49,49,2.1457672119140625e-06
264,right,49,49,1.6689300537109375e-06
265,down,49,49,2.1457672119140625e-06
266,right,49,49,1.9073486328125e-06
267,down,49,49,2.1457672119140625e-06
268,right,49,49,1.9073486328125e-06
269,down,49,49,2.1457672119140625e-06
270,right,49,49,2.1457672119140625e-06
271,down,49,49,2.1457672119140625e-06
272,right,49,49,1.9073486328125e-06
273,down,49,49,2.1457672119140625e-06
274,right,49,49,1.6689300537109375e-06
275,down,49,49,1.6689300537109375e-06
276,right,49,49,1.9073486328125e-06
277,down,49,49,1.9073486328125e-06
278,right,49,49,1.6689300537109375e-06
279,down,49,49,2.86102294921875e-06
280,right,49,49,1.9073486328125e-06
281,down,49,49,1.9073486328125e-06
282,right,49,49,1.430511474609375e-06
283,down,49,49,1.9073486328125e-06
284,right,49,49,1.6689300537109375e-06
285,down,49,49,2.6226043701171875e-06
286,right,49,49,1.6689300537109375e-06
287,down,49,49,2.1457672119140625e-06
288,right,49,49,1.6689300537109375e-06
289,down,49,49,1.6689300537109375e-06
290,right,49,49,1.6689300537109375e-06
291,down,49,49,2.384185791015625e-06
292,right,49,49,1.6689300537109375e-06
293,down,49,49,1.9073486328125e-06
294,right,49,49,1.9073486328125e-06
295,down,49,49,2.1457672119140625e-06
296,right,49,49,1.6689300537109375e-06
297,down,49,49,2.1457672119140625e-06
298,right,49,49,1.6689300537109375e-06
299,down,49,49,1.6689300537109375e-06
300,right,49,49,2.1457672119140625e-06
301,down,49,49,4.5299530029296875e-06
302,right,49,49,0.0016894340515136719
303,down,49,49,2.6226043701171875e-06
304,right,49,49,1.6689300537109375e-06
305,down,49,49,8.344650268554688e-06
306,right,49,49,0.0016834735870361328
307,down,49,49,3.5762786865234375e-06
308,right,49,49,1.9073486328125e-06
309,down,49,49,2.1457672119140625e-06
310,right,49,49,2.1457672119140625e-06
311,down,49,49,2.384185791015625e-06
312,right,49,49,1.6689300537109375e-06
313,down,49,49,2.384185791015625e-06
314,right,49,49,2.1457672119140625e-06
315,down,49,49,1.9073486328125e-06
316,right,49,49,1.6689300537109375e-06
317,down,49,49,1.9073486328125e-06
318,right,49,49,2.384185791015625e-06
319,down,49,49,1.6689300537109375e-06
320,right,49,49,1.9073486328125e-06
321,down,49,49,2.384185791015625e-06
322,right,49,49,1.430511474609375e-06
323,down,49,49,2.6226043701171875e-06
324,right,49,49,1.430511474609375e-06
325,down,49,49,2.1457672119140625e-06
326,right,49,49,1.5020370483398438e-05
327,down,49,49,2.1457672119140625e-06
328,right,49,49,1.6689300537109375e-06
329,down,49,49,1.9073486328125e-06
330,right,49,49,1.6689300537109375e-06
331,down,49,49,1.9073486328125e-06
332,right,49,49,1.9073486328125e-06
333,down,49,49,1.9073486328125e-06
334,right,49,49,1.430511474609375e-06
335,down,49,49,1.6689300537109375e-06
336,right,49,49,1.9073486328125e-06
337,down,49,49,1.9073486328125e-06
338,right,49,49,1.6689300537109375e-06
339,down,49,49,1.9073486328125e-06
340,right,49,49,1.9073486328125e-06
341,down,49,49,1.9073486328125e-06
342,right,49,49,1.9073486328125e-06
343,down,49,49,3.337860107421875e-06
344,right,49,49,1.9073486328125e-06
345,down,49,49,1.9073486328125e-06
346,right,49,49,1.6689300537109375e-06
347,down,49,49,2.1457672119140625e-06
348,right,49,49,1.6689300537109375e-06
349,down,49,49,2.1457672119140625e-06
350,right,49,49,1.430511474609375e-06
351,down,49,49,1.9073486328125e-06
352,right,49,49,1.6689300537109375e-06
353,down,49,49,2.1457672119140625e-06
354,right,49,49,2.1457672119140625e-06
355,down,49,49,2.1457672119140625e-06
356,right,49,49,1.9073486328125e-06
357,down,49,49,4.291534423828125e-06
358,right,49,49,1.9073486328125e-06
359,down,49,49,1.9073486328125e-06
360,right,49,49,1.9073486328125e-06
361,down,49,49,3.0994415283203125e-06
362,right,49,49,1.430511474609375e-06
363,down,49,49,1.9073486328125e-06
364,right,49,49,1.9073486328125e-06
365,down,49,49,1.6689300537109375e-06
366,right,49,49,2.1457672119140625e-06
367,down,49,49,1.9073486328125e-06
368,right,49,49,1.6689300537109375e-06
369,down,49,49,2.86102294921875e-06
370,right,49,49,1.6689300537109375e-06
371,down,49,49,1.9073486328125e-06
372,right,49,49,1.9073486328125e-06
373,down,49,49,1.9073486328125e-06
374,right,49,49,1.6689300537109375e-06
375,down,49,49,2.1457672119140625e-06
376,right,49,49,1.6689300537109375e-06
377,down,49,49,2.1457672119140625e-06
378,right,49,49,1.6689300537109375e-06
379,down,49,49,1.9073486328125e-06
380,right,49,49,1.9073486328125e-06
381,down,49,49,2.6226043701171875e-06
382,right,49,49,1.430511474609375e-06
383,down,49,49,1.9073486328125e-06
384,right,49,49,1.6689300537109375e-06
385,down,49,49,1.6689300537109375e-06
386,right,49,49,1.9073486328125e-06
387,down,49,49,2.1457672119140625e-06
388,right,49,49,1.6689300537109375e-06
389,down,49,49,0.0016865730285644531
390,right,49,49,1.5497207641601562e-05
391,down,49,49,1.9073486328125e-06
392,right,49,49,1.9073486328125e-06
393,down,49,49,2.1457672119140625e-06
394,right,49,49,1.9073486328125e-06
395,down,49,49,1.9073486328125e-06
396,right,49,49,1.9073486328125e-06
397,down,49,49,1.9073486328125e-06
398,right,49,49,1.6689300537109375e-06
399,down,49,49,1.6689300537109375e-06
400,right,49,49,1.6689300537109375e-06
401,down,49,49,1.6689300537109375e-06
402,right,49,49,1.430511474609375e-06
403,down,49,49,1.811981201171875e-05
404,right,49,49,0.0016813278198242188
405,down,49,49,3.814697265625e-06
406,right,49,49,1.9073486328125e-06
407,down,49,49,2.384185791015625e-06
408,right,49,49,1.9073486328125e-06
409,down,49,49,1.6689300537109375e-06
410,right,49,49,1.9073486328125e-06
411,down,49,49,2.384185791015625e-06
412,right,49,49,1.9073486328125e-06
413,down,49,49,1.9073486328125e-06
414,right,49,49,3.0994415283203125e-06
415,down,49,49,2.1457672119140625e-06
416,right,49,49,1.9073486328125e-06
417,down,49,49,4.0531158447265625e-06
418,right,49,49,1.430511474609375e-06
419,down,49,49,2.1457672119140625e-06
420,right,49,49,1.6689300537109375e-06
421,down,49,49,2.384185791015625e-06
422,right,49,49,1.9073486328125e-06
423,down,49,49,2.384185791015625e-06
424,right,49,49,1.6689300537109375e-06
425,down,49,49,1.9073486328125e-06
426,right,49,49,1.6689300537109375e-06
427,down,49,49,1.9073486328125e-06
428,right,49,49,1.6689300537109375e-06
429,down,49,49,1.9073486328125e-06
430,right,49,49,1.9073486328125e-06
431,down,49,49,1.6689300537109375e-06
432,right,49,49,2.6226043701171875e-06
433,down,49,49,2.1457672119140625e-06
434,right,49,49,1.6689300537109375e-06
435,down,49,49,1.9073486328125e-06
436,right,49,49,1.9073486328125e-06
437,down,49,49,1.9073486328125e-06
438,right,49,49,1.6689300537109375e-06
439,down,49,49,1.9073486328125e-06
440,right,49,49,2.1457672119140625e-06
441,down,49,49,1.9073486328125e-06
442,right,49,49,1.6689300537109375e-06
443,down,49,49,1.6689300537109375e-06
444,right,49,49,1.6689300537109375e-06
445,down,49,49,1.9073486328125e-06
446,right,49,49,1.9073486328125e-06
447,down,49,49,1.9073486328125e-06
448,right,49,49,2.1457672119140625e-06
449,down,49,49,1.6689300537109375e-06
450,right,49,49,3.337860107421875e-06
451,down,49,49,1.9073486328125e-06
452,right,49,49,1.9073486328125e-06
453,down,49,49,2.1457672119140625e-06
454,right,49,49,1.5020370483398438e-05
455,down,49,49,1.9073486328125e-06
456,right,49,49,1.6689300537109375e-06
457,down,49,49,1.6689300537109375e-06
458,right,49,49,1.9073486328125e-06
459,down,49,49,1.9073486328125e-06
460,right,49,49,1.9073486328125e-06
461,down,49,49,1.6689300537109375e-06
462,right,49,49,1.9073486328125e-06
463,down,49,49,1.9073486328125e-06
464,right,49,49,1.9073486328125e-06
465,down,49,49,1.6689300537109375e-06
466,right,49,49,1.9073486328125e-06
467,down,49,49,1.9073486328125e-06
468,right,49,49,1.9073486328125e-06
469,down,49,49,1.6689300537109375e-06
470,right,49,49,1.430511474609375e-06
471,down,49,49,2.1457672119140625e-06
472,right,49,49,1.6689300537109375e-06
473,down,49,49,1.9073486328125e-06
474,right,49,49,1.6689300537109375e-06
475,down,49,49,1.9073486328125e-06
476,right,49,49,1.9073486328125e-06
477,down,49,49,1.9073486328125e-06
478,right,49,49,1.6689300537109375e-06
479,down,49,49,1.9073486328125e-06
480,right,49,49,1.430511474609375e-06
481,down,49,49,1.9073486328125e-06
482,right,49,49,1.6689300537109375e-06
483,down,49,49,1.6689300537109375e-06
484,right,49,49,1.6689300537109375e-06
485,down,49,49,1.6689300537109375e-06
486,right,49,49,1.9073486328125e-06
487,down,49,49,1.9073486328125e-06
488,right,49,49,1.6689300537109375e-06
489,down,49,49,2.1457672119140625e-06
490,right,49,49,1.430511474609375e-06
491,down,49,49,1.9073486328125e-06
492,right,49,49,2.1457672119140625e-06
493,down,49,49,1.9073486328125e-06
494,right,49,49,1.9073486328125e-06
495,down,49,49,2.86102294921875e-06
496,right,49,49,1.6689300537109375e-06
497,down,49,49,1.9073486328125e-06
498,right,49,49,1.6689300537109375e-06
499,down,49,49,1.9073486328125e-06
500,right,49,49,1.6689300537109375e-06
501,down,49,49,1.6689300537109375e-06
502,right,49,49,1.6689300537109375e-06
503,down,49,49,1.9073486328125e-06
504,right,49,49,1.6689300537109375e-06
505,down,49,49,2.1457672119140625e-06
506,right,49,49,1.6689300537109375e-06
507,down,49,49,1.9073486328125e-06
508,right,49,49,1.6689300537109375e-06
509,down,49,49,1.6689300537109375e-06
510,right,49,49,1.9073486328125e-06
511,down,49,49,1.9073486328125e-06
512,right,49,49,1.9073486328125e-06
513,down,49,49,1.9073486328125e-06
514,right,49,49,1.430511474609375e-06
515,down,49,49,2.6226043701171875e-06
516,right,49,49,2.384185791015625e-06
517,down,49,49,2.1457672119140625e-06
518,right,49,49,1.5974044799804688e-05
519,down,49,49,1.9073486328125e-06
520,right,49,49,1.6689300537109375e-06
521,down,49,49,2.384185791015625e-06
522,right,49,49,1.9073486328125e-06
523,down,49,49,2.1457672119140625e-06
524,right,49,49,1.6689300537109375e-06
525,down,49,49,2.1457672119140625e-06
526,right,49,49,1.9073486328125e-06
527,down,49,49,2.1457672119140625e-06
528,right,49,49,1.9073486328125e-06
529,down,49,49,2.1457672119140625e-06
530,right,49,49,1.6689300537109375e-06
531,down,49,49,2.384185791015625e-06
532,right,49,49,1.6689300537109375e-06
533,down,49,49,1.6689300537109375e-06
534,right,49,49,1.6689300537109375e-06
535,down,49,49,1.9073486328125e-06
536,right,49,49,1.430511474609375e-06
537,down,49,49,1.9073486328125e-06
538,right,49,49,1.6689300537109375e-06
539,down,49,49,1.9073486328125e-06
540,right,49,49,1.6689300537109375e-06
541,down,49,49,1.9073486328125e-06
542,right,49,49,1.6689300537109375e-06
543,down,49,49,2.1457672119140625e-06
544,right,49,49,1.9073486328125e-06
545,down,49,49,1.9073486328125e-06
546,right,49,49,1.9073486328125e-06
547,down,49,49,2.384185791015625e-06
548,right,49,49,1.6689300537109375e-06
549,down,49,49,1.9073486328125e-06
550,right,49,49,1.9073486328125e-06
551,down,49,49,2.1457672119140625e-06
552,right,49,49,1.6689300537109375e-06
553,down,49,49,1.9073486328125e-06
554,right,49,49,1.9073486328125e-06
555,down,49,49,1.6689300537109375e-06
556,right,49,49,1.6689300537109375e-06
557,down,49,49,1.6689300537109375e-06
558,right,49,49,2.1457672119140625e-06
559,down,49,49,1.9073486328125e-06
560,right,49,49,1.6689300537109375e-06
561,down,49,49,1.9073486328125e-06
562,right,49,49,1.6689300537109375e-06
563,down,49,49,2.1457672119140625e-06
564,right,49,49,2.384185791015625e-06
565,down,49,49,1.9073486328125e-06
566,right,49,49,1.9073486328125e-06
567,down,49,49,2.1457672119140625e-06
568,right,49,49,1.430511474609375e-06
569,down,49,49,1.6689300537109375e-06
570,right,49,49,1.430511474609375e-06
571,down,49,49,1.9073486328125e-06
572,right,49,49,1.9073486328125e-06
573,down,49,49,1.9073486328125e-06
574,right,49,49,1.430511474609375e-06
575,down,49,49,1.9073486328125e-06
576,right,49,49,1.430511474609375e-06
577,down,49,49,2.1457672119140625e-06
578,right,49,49,1.6689300537109375e-06
579,down,49,49,1.9073486328125e-06
580,right,49,49,1.9073486328125e-06
581,down,49,49,2.384185791015625e-06
582,right,49,49,1.5974044799804688e-05
583,down,49,49,2.1457672119140625e-06
584,right,49,49,1.9073486328125e-06
585,down,49,49,2.1457672119140625e-06
586,right,49,49,2.1457672119140625e-06
587,down,49,49,1.9073486328125e-06
588,right,49,49,1.6689300537109375e-06
589,down,49,49,1.9073486328125e-06
590,right,49,49,1.9073486328125e-06
591,down,49,49,1.6689300537109375e-06
592,right,49,49,1.9073486328125e-06
593,down,49,49,2.1457672119140625e-06
594,right,49,49,1.430511474609375e-06
595,down,49,49,1.9073486328125e-06
596,right,49,49,1.6689300537109375e-06
597,down,49,49,1.6689300537109375e-06
598,right,49,49,2.1457672119140625e-06
599,down,49,49,2.384185791015625e-06
600,right,49,49,1.9073486328125e-06
601,down,49,49,1.9073486328125e-06
602,right,49,49,1.6689300537109375e-06
603,down,49,49,1.3113021850585938e-05
604,right,49,49,0.0016846656799316406
605,down,49,49,2.384185791015625e-06
606,right,49,49,1.6689300537109375e-06
607,down,49,49,1.9073486328125e-06
608,right,49,49,1.430511474609375e-06
609,down,49,49,1.6689300537109375e-06
610,right,49,49,1.6689300537109375e-06
611,down,49,49,1.9073486328125e-06
612,right,49,49,1.6689300537109375e-06
613,down,49,49,2.1457672119140625e-06
614,right,49,49,1.6689300537109375e-06
615,down,49,49,1.9073486328125e-06
616,right,49,49,1.6689300537109375e-06
617,down,49,49,1.9073486328125e-06
618,right,49,49,1.430511474609375e-06
619,down,49,49,1.9073486328125e-06
620,right,49,49,1.6689300537109375e-06
621,down,49,49,2.1457672119140625e-06
622,right,49,49,1.6689300537109375e-06
623,down,49,49,2.384185791015625e-06
624,right,49,49,1.6689300537109375e-06
625,down,49,49,1.9073486328125e-06
626,right,49,49,2.1457672119140625e-06
627,down,49,49,2.1457672119140625e-06
628,right,49,49,1.6689300537109375e-06
629,down,49,49,1.6689300537109375e-06
630,right,49,49,1.6689300537109375e-06
631,down,49,49,1.9073486328125e-06
632,right,49,49,1.9073486328125e-06
633,down,49,49,1.9073486328125e-06
634,right,49,49,1.6689300537109375e-06
635,down,49,49,2.1457672119140625e-06
636,right,49,49,1.6689300537109375e-06
637,down,49,49,1.9073486328125e-06
638,right,49,49,1.6689300537109375e-06
639,down,49,49,1.6689300537109375e-06
640,right,49,49,1.9073486328125e-06
641,down,49,49,1.6689300537109375e-06
642,right,49,49,1.9073486328125e-06
643,down,49,49,1.9073486328125e-06
644,right,49,49,1.6689300537109375e-06
645,down,49,49,2.1457672119140625e-06
646,right,49,49,1.3828277587890625e-05
647,down,49,49,1.9073486328125e-06
648,right,49,49,2.1457672119140625e-06
649,down,49,49,1.9073486328125e-06
650,right,49,49,1.6689300537109375e-06
651,down,49,49,1.6689300537109375e-06
652,right,49,49,1.9073486328125e-06
653,down,49,49,1.6689300537109375e-06
654,right,49,49,1.6689300537109375e-06
655,down,49,49,2.1457672119140625e-06
656,right,49,49,1.430511474609375e-06
657,down,49,49,1.9073486328125e-06
658,right,49,49,1.9073486328125e-06
659,down,49,49,1.9073486328125e-06
660,right,49,49,1.9073486328125e-06
661,down,49,49,1.9073486328125e-06
662,right,49,49,1.9073486328125e-06
663,down,49,49,1.9073486328125e-06
664,right,49,49,1.9073486328125e-06
665,down,49,49,1.6689300537109375e-06
666,right,49,49,2.1457672119140625e-06
667,down,49,49,2.384185791015625e-06
668,right,49,49,1.9073486328125e-06
669,down,49,49,1.9073486328125e-06
670,right,49,49,1.9073486328125e-06
671,down,49,49,1.9073486328125e-06
672,right,49,49,1.430511474609375e-06
673,down,49,49,1.6689300537109375e-06
674,right,49,49,1.9073486328125e-06
675,down,49,49,2.384185791015625e-06
676,right,49,49,1.9073486328125e-06
677,down,49,49,1.9073486328125e-06
678,right,49,49,2.1457672119140625e-06
679,down,49,49,1.6689300537109375e-06
680,right,49,49,2.6226043701171875e-06
681,down,49,49,2.384185791015625e-06
682,right,49,49,1.9073486328125e-06
683,down,49,49,1.9073486328125e-06
684,right,49,49,1.9073486328125e-06
685,down,49,49,2.1457672119140625e-06
686,right,49,49,3.337860107421875e-06
687,down,49,49,1.430511474609375e-06
688,right,49,49,1.9073486328125e-06
689,down,49,49,1.9073486328125e-06
690,right,49,49,2.1457672119140625e-06
691,down,49,49,1.9073486328125e-06
692,right,49,49,1.430511474609375e-06
693,down,49,49,1.9073486328125e-06
694,right,49,49,1.9073486328125e-06
695,down,49,49,1.9073486328125e-06
696,right,49,49,1.9073486328125e-06
697,down,49,49,2.1457672119140625e-06
698,right,49,49,1.6689300537109375e-06
699,down,49,49,1.9073486328125e-06
700,right,49,49,1.430511474609375e-06
701,down,49,49,1.9073486328125e-06
702,right,49,49,1.6689300537109375e-06
703,down,49,49,1.9073486328125e-06
704,right,49,49,1.6689300537109375e-06
705,down,49,49,1.9073486328125e-06
706,right,49,49,1.6689300537109375e-06
707,down,49,49,1.9073486328125e-06
708,right,49,49,1.6689300537109375e-06
709,down,49,49,2.1457672119140625e-06
710,right,49,49,1.3828277587890625e-05
711,down,49,49,1.6689300537109375e-06
712,right,49,49,2.1457672119140625e-06
713,down,49,49,2.1457672119140625e-06
714,right,49,49,1.6689300537109375e-06
715,down,49,49,1.9073486328125e-06
716,right,49,49,1.6689300537109375e-06
717,down,49,49,2.1457672119140625e-06
718,right,49,49,1.9073486328125e-06
719,down,49,49,1.9073486328125e-06
720,right,49,49,1.6689300537109375e-06
721,down,49,49,2.86102294921875e-06
722,right,49,49,1.6689300537109375e-06
723,down,49,49,1.6689300537109375e-06
724,right,49,49,1.9073486328125e-06
725,down,49,49,1.6689300537109375e-06
726,right,49,49,1.9073486328125e-06
727,down,49,49,1.9073486328125e-06
728,right,49,49,2.1457672119140625e-06
729,down,49,49,1.6689300537109375e-06
730,right,49,49,1.9073486328125e-06
731,down,49,49,1.9073486328125e-06
732,right,49,49,2.1457672119140625e-06
733,down,49,49,1.9073486328125e-06
734,right,49,49,1.6689300537109375e-06
735,down,49,49,1.9073486328125e-06
736,right,49,49,1.9073486328125e-06
737,down,49,49,1.6689300537109375e-06
738,right,49,49,1.6689300537109375e-06
739,down,49,49,1.9073486328125e-06
740,right,49,49,1.9073486328125e-06
741,down,49,49,1.9073486328125e-06
742,right,49,49,1.430511474609375e-06
743,down,49,49,1.6689300537109375e-06
744,right,49,49,1.9073486328125e-06
745,down,49,49,1.6689300537109375e-06
746,right,49,49,2.1457672119140625e-06
747,down,49,49,1.6689300537109375e-06
748,right,49,49,1.9073486328125e-06
749,down,49,49,2.384185791015625e-06
750,right,49,49,2.1457672119140625e-06
751,down,49,49,2.1457672119140625e-06
752,right,49,49,1.9073486328125e-06
753,down,49,49,1.6689300537109375e-06
754,right,49,49,2.1457672119140625e-06
755,down,49,49,1.9073486328125e-06
756,right,49,49,1.9073486328125e-06
757,down,49,49,2.1457672119140625e-06
758,right,49,49,1.430511474609375e-06
759,down,49,49,2.1457672119140625e-06
760,right,49,49,2.384185791015625e-06
761,down,49,49,1.9073486328125e-06
762,right,49,49,1.6689300537109375e-06
763,down,49,49,1.9073486328125e-06
764,right,49,49,1.6689300537109375e-06
765,down,49,49,1.6689300537109375e-06
766,right,49,49,1.6689300537109375e-06
767,down,49,49,1.9073486328125e-06
768,right,49,49,1.9073486328125e-06
769,down,49,49,1.6689300537109375e-06
770,right,49,49,2.1457672119140625e-06
771,down,49,49,2.1457672119140625e-06
772,right,49,49,1.430511474609375e-06
773,down,49,49,0.0016937255859375
774,right,49,49,7.62939453125e-06
775,down,49,49,1.9073486328125e-06
776,right,49,49,2.384185791015625e-06
777,down,49,49,2.384185791015625e-06
778,right,49,49,1.6689300537109375e-06
779,down,49,49,1.6689300537109375e-06
780,right,49,49,1.9073486328125e-06
781,down,49,49,1.9073486328125e-06
782,right,49,49,1.6689300537109375e-06
783,down,49,49,1.6689300537109375e-06
784,right,49,49,1.9073486328125e-06
785,down,49,49,1.6689300537109375e-06
786,right,49,49,1.9073486328125e-06
787,down,49,49,2.1457672119140625e-06
788,right,49,49,1.6689300537109375e-06
789,down,49,49,1.9073486328125e-06
790,right,49,49,1.6689300537109375e-06
791,down,49,49,1.9073486328125e-06
792,right,49,49,1.9073486328125e-06
793,down,49,49,1.6689300537109375e-06
794,right,49,49,1.9073486328125e-06
795,down,49,49,3.814697265625e-06
796,right,49,49,1.6689300537109375e-06
797,down,49,49,1.6689300537109375e-06
798,right,49,49,1.6689300537109375e-06
799,down,49,49,2.1457672119140625e-06
800,right,49,49,1.9073486328125e-06
801,down,49,49,1.9073486328125e-06
802,right,49,49,1.9073486328125e-06
803,down,49,49,1.0251998901367188e-05
804,right,49,49,0.0017192363739013672
805,down,49,49,2.384185791015625e-06
806,right,49,49,1.9073486328125e-06
807,down,49,49,1.9073486328125e-06
808,right,49,49,1.9073486328125e-06
809,down,49,49,1.6689300537109375e-06
810,right,49,49,1.9073486328125e-06
811,down,49,49,2.1457672119140625e-06
812,right,49,49,1.6689300537109375e-06
813,down,49,49,1.9073486328125e-06
814,right,49,49,1.9073486328125e-06
815,down,49,49,1.9073486328125e-06
816,right,49,49,1.9073486328125e-06
817,down,49,49,1.9073486328125e-06
818,right,49,49,1.6689300537109375e-06
819,down,49,49,1.9073486328125e-06
820,right,49,49,2.384185791015625e-06
821,down,49,49,1.9073486328125e-06
822,right,49,49,1.6689300537109375e-06
823,down,49,49,1.9073486328125e-06
824,right,49,49,1.6689300537109375e-06
825,down,49,49,1.6689300537109375e-06
826,right,49,49,2.384185791015625e-06
827,down,49,49,1.9073486328125e-06
828,right,49,49,1.9073486328125e-06
829,down,49,49,1.9073486328125e-06
830,right,49,49,1.6689300537109375e-06
831,down,49,49,1.9073486328125e-06
832,right,49,49,1.9073486328125e-06
833,down,49,49,2.1457672119140625e-06
834,right,49,49,1.430511474609375e-06
835,down,49,49,1.6689300537109375e-06
836,right,49,49,1.9073486328125e-06
837,down,49,49,1.9073486328125e-06
838,right,49,49,1.5020370483398438e-05
839,down,49,49,2.1457672119140625e-06
840,right,49,49,1.9073486328125e-06
841,down,49,49,2.1457672119140625e-06
842,right,49,49,1.6689300537109375e-06
843,down,49,49,1.9073486328125e-06
844,right,49,49,2.1457672119140625e-06
845,down,49,49,1.9073486328125e-06
846,right,49,49,1.6689300537109375e-06
847,down,49,49,2.1457672119140625e-06
848,right,49,49,1.9073486328125e-06
849,down,49,49,1.9073486328125e-06
850,right,49,49,1.6689300537109375e-06
851,down,49,49,1.6689300537109375e-06
852,right,49,49,1.9073486328125e-06
853,down,49,49,1.9073486328125e-06
854,right,49,49,2.1457672119140625e-06
855,down,49,49,1.6689300537109375e-06
856,right,49,49,2.1457672119140625e-06
857,down,49,49,1.6689300537109375e-06
858,right,49,49,1.9073486328125e-06
859,down,49,49,2.6226043701171875e-06
860,right,49,49,1.430511474609375e-06
861,down,49,49,6.9141387939453125e-06
862,right,49,49,1.9073486328125e-06
863,down,49,49,2.384185791015625e-06
864,right,49,49,2.1457672119140625e-06
865,down,49,49,2.1457672119140625e-06
866,right,49,49,2.6226043701171875e-06
867,down,49,49,2.1457672119140625e-06
868,right,49,49,1.9073486328125e-06
869,down,49,49,1.9073486328125e-06
870,right,49,49,1.6689300537109375e-06
871,down,49,49,1.6689300537109375e-06
872,right,49,49,1.9073486328125e-06
873,down,49,49,2.1457672119140625e-06
874,right,49,49,2.1457672119140625e-06
875,down,49,49,2.1457672119140625e-06
876,right,49,49,2.1457672119140625e-06
877,down,49,49,1.9073486328125e-06
878,right,49,49,2.384185791015625e-06
879,down,49,49,2.384185791015625e-06
880,right,49,49,2.1457672119140625e-06
881,down,49,49,1.6689300537109375e-06
882,right,49,49,2.1457672119140625e-06
883,down,49,49,2.1457672119140625e-06
884,right,49,49,1.6689300537109375e-06
885,down,49,49,1.9073486328125e-06
886,right,49,49,2.384185791015625e-06
887,down,49,49,1.9073486328125e-06
888,right,49,49,1.9073486328125e-06
889,down,49,49,1.9073486328125e-06
890,right,49,49,1.6689300537109375e-06
891,down,49,49,1.9073486328125e-06
892,right,49,49,2.1457672119140625e-06
893,down,49,49,1.9073486328125e-06
894,right,49,49,1.9073486328125e-06
895,down,49,49,1.9073486328125e-06
896,right,49,49,1.6689300537109375e-06
897,down,49,49,2.1457672119140625e-06
898,right,49,49,1.430511474609375e-06
899,down,49,49,1.6689300537109375e-06
900,right,49,49,1.9073486328125e-06
901,down,49,49,1.9073486328125e-06
902,right,49,49,1.4543533325195312e-05
903,down,49,49,1.9073486328125e-06
904,right,49,49,1.9073486328125e-06
905,down,49,49,2.1457672119140625e-06
906,right,49,49,1.6689300537109375e-06
907,down,49,49,1.6689300537109375e-06
908,right,49,49,1.9073486328125e-06
909,down,49,49,1.9073486328125e-06
910,right,49,49,1.9073486328125e-06
911,down,49,49,1.6689300537109375e-06
912,right,49,49,1.9073486328125e-06
913,down,49,49,1.9073486328125e-06
914,right,49,49,1.9073486328125e-06
915,down,49,49,1.6689300537109375e-06
916,right,49,49,1.9073486328125e-06
917,down,49,49,1.9073486328125e-06
918,right,49,49,1.6689300537109375e-06
919,down,49,49,1.9073486328125e-06
920,right,49,49,1.9073486328125e-06
921,down,49,49,1.9073486328125e-06
922,right,49,49,1.9073486328125e-06
923,down,49,49,1.6689300537109375e-06
924,right,49,49,1.9073486328125e-06
925,down,49,49,1.9073486328125e-06
926,right,49,49,1.6689300537109375e-06
927,down,49,49,1.6689300537109375e-06
928,right,49,49,1.9073486328125e-06
929,down,49,49,1.9073486328125e-06
930,right,49,49,1.9073486328125e-06
931,down,49,49,1.6689300537109375e-06
932,right,49,49,1.9073486328125e-06
933,down,49,49,2.1457672119140625e-06
934,right,49,49,1.9073486328125e-06
935,down,49,49,1.9073486328125e-06
936,right,49,49,1.9073486328125e-06
937,down,49,49,2.384185791015625e-06
938,right,49,49,1.9073486328125e-06
939,down,49,49,2.6226043701171875e-06
940,right,49,49,1.6689300537109375e-06
941,down,49,49,2.1457672119140625e-06
942,right,49,49,2.1457672119140625e-06
943,down,49,49,2.1457672119140625e-06
944,right,49,49,1.9073486328125e-06
945,down,49,49,2.1457672119140625e-06
946,right,49,49,1.6689300537109375e-06
947,down,49,49,1.9073486328125e-06
948,right,49,49,2.384185791015625e-06
949,down,49,49,1.6689300537109375e-06
950,right,49,49,1.6689300537109375e-06
951,down,49,49,1.9073486328125e-06
952,right,49,49,1.9073486328125e-06
953,down,49,49,1.9073486328125e-06
954,right,49,49,1.9073486328125e-06
955,down,49,49,1.6689300537109375e-06
956,right,49,49,1.9073486328125e-06
957,down,49,49,2.1457672119140625e-06
958,right,49,49,1.9073486328125e-06
959,down,49,49,1.9073486328125e-06
960,right,49,49,1.9073486328125e-06
961,down,49,49,1.9073486328125e-06
962,right,49,49,2.1457672119140625e-06
963,down,49,49,1.6689300537109375e-06
964,right,49,49,1.9073486328125e-06
965,down,49,49,2.384185791015625e-06
966,right,49,49,1.6689300537109375e-05
967,down,49,49,2.1457672119140625e-06
968,right,49,49,1.6689300537109375e-06
969,down,49,49,1.9073486328125e-06
970,right,49,49,1.9073486328125e-06
971,down,49,49,1.9073486328125e-06
972,right,49,49,1.9073486328125e-06
973,down,49,49,1.6689300537109375e-06
974,right,49,49,1.6689300537109375e-06
975,down,49,49,1.6689300537109375e-06
976,right,49,49,2.1457672119140625e-06
977,down,49,49,1.6689300537109375e-06
978,right,49,49,1.6689300537109375e-06
979,down,49,49,1.9073486328125e-06
980,right,49,49,1.430511474609375e-06
981,down,49,49,2.384185791015625e-06
982,right,49,49,1.6689300537109375e-06
983,down,49,49,3.0994415283203125e-06
984,right,49,49,2.86102294921875e-06
985,down,49,49,2.1457672119140625e-06
986,right,49,49,1.6689300537109375e-06
987,down,49,49,1.9073486328125e-06
988,right,49,49,2.1457672119140625e-06
989,down,49,49,1.9073486328125e-06
990,right,49,49,1.9073486328125e-06
991,down,49,49,2.1457672119140625e-06
992,right,49,49,1.9073486328125e-06
993,down,49,49,1.6689300537109375e-06
994,right,49,49,1.6689300537109375e-06
995,down,49,49,2.1457672119140625e-06
996,right,49,49,1.6689300537109375e-06
997,down,49,49,1.6689300537109375e-06
998,right,49,49,1.430511474609375e-06
999,down,49,49,1.6689300537109375e-06
1000,right,49,49,1.6689300537109375e-06
1001,down,49,49,1.6689300537109375e-06
1002,right,49,49,1.9073486328125e-06
1003,down,49,49,1.7881393432617188e-05
1004,right,49,49,0.0017116069793701172
1005,down,49,49,3.814697265625e-06
1006,right,49,49,1.6689300537109375e-06
1007,down,49,49,2.1457672119140625e-06
1008,right,49,49,1.6689300537109375e-06
1009,down,49,49,2.1457672119140625e-06
1010,right,49,49,1.6689300537109375e-06
1011,down,49,49,1.9073486328125e-06
1012,right,49,49,1.6689300537109375e-06
1013,down,49,49,1.9073486328125e-06
1014,right,49,49,1.430511474609375e-06
1015,down,49,49,1.9073486328125e-06
1016,right,49,49,2.1457672119140625e-06
1017,down,49,49,1.9073486328125e-06
1018,right,49,49,1.9073486328125e-06
1019,down,49,49,1.9073486328125e-06
1020,right,49,49,1.6689300537109375e-06
1021,down,49,49,1.6689300537109375e-06
1022,right,49,49,2.1457672119140625e-06
1023,down,49,49,1.9073486328125e-06
1024,right,49,49,2.1457672119140625e-06
1025,down,49,49,1.6689300537109375e-06
1026,right,49,49,1.9073486328125e-06
1027,down,49,49,1.9073486328125e-06
1028,right,49,49,1.6689300537109375e-06
1029,down,49,49,1.9073486328125e-06
1030,right,49,49,1.5735626220703125e-05
1031,down,49,49,2.1457672119140625e-06
1032,right,49,49,2.1457672119140625e-06
1033,down,49,49,2.1457672119140625e-06
1034,right,49,49,1.430511474609375e-06
1035,down,49,49,2.384185791015625e-06
1036,right,49,49,1.430511474609375e-06
1037,down,49,49,2.1457672119140625e-06
1038,right,49,49,1.430511474609375e-06
1039,down,49,49,1.9073486328125e-06
1040,right,49,49,1.9073486328125e-06
1041,down,49,49,1.9073486328125e-06
1042,right,49,49,1.9073486328125e-06
1043,down,49,49,1.9073486328125e-06
1044,right,49,49,1.6689300537109375e-06
1045,down,49,49,2.1457672119140625e-06
1046,right,49,49,1.430511474609375e-06
1047,down,49,49,1.6689300537109375e-06
1048,right,49,49,1.9073486328125e-06
1049,down,49,49,2.1457672119140625e-06
1050,right,49,49,1.6689300537109375e-06
1051,down,49,49,2.1457672119140625e-06
1052,right,49,49,1.430511474609375e-06
1053,down,49,49,2.1457672119140625e-06
1054,right,49,49,1.6689300537109375e-06
1055,down,49,49,1.6689300537109375e-06
1056,right,49,49,1.9073486328125e-06
1057,down,49,49,1.9073486328125e-06
1058,right,49,49,1.6689300537109375e-06
1059,down,49,49,2.1457672119140625e-06
1060,right,49,49,1.6689300537109375e-06
1061,down,49,49,1.6689300537109375e-06
1062,right,49,49,1.9073486328125e-06
1063,down,49,49,2.1457672119140625e-06
1064,right,49,49,2.384185791015625e-06
1065,down,49,49,1.6689300537109375e-06
1066,right,49,49,2.1457672119140625e-06
1067,down,49,49,1.9073486328125e-06
1068,right,49,49,1.9073486328125e-06
1069,down,49,49,1.6689300537109375e-06
1070,right,49,49,1.9073486328125e-06
1071,down,49,49,1.9073486328125e-06
1072,right,49,49,1.9073486328125e-06
1073,down,49,49,2.86102294921875e-06
1074,right,49,49,1.6689300537109375e-06
1075,down,49,49,2.384185791015625e-06
1076,right,49,49,1.9073486328125e-06
1077,down,49,49,2.1457672119140625e-06
1078,right,49,49,1.6689300537109375e-06
1079,down,49,49,1.6689300537109375e-06
1080,right,49,49,1.9073486328125e-06
1081,down,49,49,1.6689300537109375e-06
1082,right,49,49,1.6689300537109375e-06
1083,down,49,49,2.1457672119140625e-06
1084,right,49,49,1.6689300537109375e-06
1085,down,49,49,2.1457672119140625e-06
1086,right,49,49,1.9073486328125e-06
1087,down,49,49,1.6689300537109375e-06
1088,right,49,49,1.9073486328125e-06
1089,down,49,49,1.9073486328125e-06
1090,right,49,49,1.6689300537109375e-06
1091,down,49,49,2.1457672119140625e-06
1092,right,49,49,1.6689300537109375e-06
1093,down,49,49,0.0016760826110839844
1094,right,49,49,4.124641418457031e-05
1095,down,49,49,1.9073486328125e-06
1096,right,49,49,2.1457672119140625e-06
1097,down,49,49,1.6689300537109375e-06
1098,right,49,49,1.9073486328125e-06
1099,down,49,49,1.9073486328125e-06
1100,right,49,49,1.430511474609375e-06
1101,down,49,49,1.9073486328125e-06
1102,right,49,49,1.6689300537109375e-06
1103,down,49,49,1.9073486328125e-06
1104,right,49,49,1.9073486328125e-06
1105,down,49,49,1.9073486328125e-06
1106,right,49,49,1.6689300537109375e-06
1107,down,49,49,1.9073486328125e-06
1108,right,49,49,1.6689300537109375e-06
1109,down,49,49,1.6689300537109375e-06
1110,right,49,49,1.9073486328125e-06
1111,down,49,49,1.9073486328125e-06
1112,right,49,49,1.6689300537109375e-06
1113,down,49,49,2.1457672119140625e-06
1114,right,49,49,1.9073486328125e-06
1115,down,49,49,1.9073486328125e-06
1116,right,49,49,3.0994415283203125e-06
1117,down,49,49,2.1457672119140625e-06
1118,right,49,49,2.1457672119140625e-06
1119,down,49,49,4.76837158203125e-06
1120,right,49,49,1.6689300537109375e-06
1121,down,49,49,4.291534423828125e-06
1122,right,49,49,1.9073486328125e-06
1123,down,49,49,1.6689300537109375e-06
1124,right,49,49,1.430511474609375e-06
1125,down,49,49,2.6226043701171875e-06
1126,right,49,49,2.6226043701171875e-06
1127,down,49,49,2.1457672119140625e-06
1128,right,49,49,1.430511474609375e-06
1129,down,49,49,2.1457672119140625e-06
1130,right,49,49,2.1457672119140625e-06
1131,down,49,49,2.1457672119140625e-06
1132,right,49,49,1.6689300537109375e-06
1133,down,49,49,3.337860107421875e-06
1134,right,49,49,1.9073486328125e-06
1135,down,49,49,5.9604644775390625e-06
1136,right,49,49,1.9073486328125e-06
1137,down,49,49,3.814697265625e-06
1138,right,49,49,1.6689300537109375e-06
1139,down,49,49,4.291534423828125e-06
1140,right,49,49,1.6689300537109375e-06
1141,down,49,49,2.384185791015625e-06
1142,right,49,49,2.1457672119140625e-06
1143,down,49,49,1.6689300537109375e-06
1144,right,49,49,2.1457672119140625e-06
1145,down,49,49,2.384185791015625e-06
1146,right,49,49,1.6689300537109375e-06
1147,down,49,49,2.384185791015625e-06
1148,right,49,49,1.9073486328125e-06
1149,down,49,49,1.9073486328125e-06
1150,right,49,49,1.9073486328125e-06
1151,down,49,49,1.9073486328125e-06
1152,right,49,49,1.6689300537109375e-06
1153,down,49,49,1.9073486328125e-06
1154,right,49,49,2.1457672119140625e-06
1155,down,49,49,1.6689300537109375e-06
1156,right,49,49,1.9073486328125e-06
1157,down,49,49,0.0016765594482421875
1158,right,49,49,2.0503997802734375e-05
1159,down,49,49,1.6689300537109375e-06
1160,right,49,49,1.9073486328125e-06
1161,down,49,49,1.6689300537109375e-06
1162,right,49,49,1.430511474609375e-06
1163,down,49,49,2.1457672119140625e-06
1164,right,49,49,1.6689300537109375e-06
1165,down,49,49,2.1457672119140625e-06
1166,right,49,49,1.9073486328125e-06
1167,down,49,49,2.1457672119140625e-06
1168,right,49,49,2.1457672119140625e-06
1169,down,49,49,2.1457672119140625e-06
1170,right,49,49,1.430511474609375e-06
1171,down,49,49,1.9073486328125e-06
1172,right,49,49,1.9073486328125e-06
1173,down,49,49,1.9073486328125e-06
1174,right,49,49,1.6689300537109375e-06
1175,down,49,49,1.6689300537109375e-06
1176,right,49,49,1.6689300537109375e-06
1177,down,49,49,1.9073486328125e-06
1178,right,49,49,1.9073486328125e-06
1179,down,49,49,2.1457672119140625e-06
1180,right,49,49,1.6689300537109375e-06
1181,down,49,49,1.9073486328125e-06
1182,right,49,49,1.9073486328125e-06
1183,down,49,49,1.6689300537109375e-06
1184,right,49,49,2.1457672119140625e-06
1185,down,49,49,2.1457672119140625e-06
1186,right,49,49,1.6689300537109375e-06
1187,down,49,49,2.1457672119140625e-06
1188,right,49,49,1.430511474609375e-06
1189,down,49,49,1.9073486328125e-06
1190,right,49,49,2.384185791015625e-06
1191,down,49,49,1.9073486328125e-06
1192,right,49,49,1.6689300537109375e-06
1193,down,49,49,1.9073486328125e-06
1194,right,49,49,2.1457672119140625e-06
1195,down,49,49,1.9073486328125e-06
1196,right,49,49,1.9073486328125e-06
1197,down,49,49,2.1457672119140625e-06
1198,right,49,49,1.9073486328125e-06
1199,down,49,49,2.1457672119140625e-06
1200,right,49,49,1.6689300537109375e-06
1201,down,49,49,1.6689300537109375e-06
1202,right,49,49,2.1457672119140625e-06
1203,down,49,49,1.9788742065429688e-05
1204,right,49,49,0.001753091812133789
1205,down,49,49,3.814697265625e-06
1206,right,49,49,1.6689300537109375e-06
1207,down,49,49,1.6689300537109375e-06
1208,right,49,49,1.9073486328125e-06
1209,down,49,49,1.9073486328125e-06
1210,right,49,49,1.6689300537109375e-06
1211,down,49,49,2.86102294921875e-06
1212,right,49,49,1.9073486328125e-06
1213,down,49,49,1.9073486328125e-06
1214,right,49,49,1.6689300537109375e-06
1215,down,49,49,2.1457672119140625e-06
1216,right,49,49,1.9073486328125e-06
1217,down,49,49,2.384185791015625e-06
1218,right,49,49,1.430511474609375e-06
1219,down,49,49,2.384185791015625e-06
1220,right,49,49,1.6689300537109375e-06
1221,down,49,49,3.337860107421875e-06
1222,right,49,49,1.52587890625e-05
1223,down,49,49,2.1457672119140625e-06
1224,right,49,49,1.9073486328125e-06
1225,down,49,49,1.6689300537109375e-06
1226,right,49,49,1.9073486328125e-06
1227,down,49,49,1.9073486328125e-06
1228,right,49,49,1.6689300537109375e-06
1229,down,49,49,1.9073486328125e-06
1230,right,49,49,1.9073486328125e-06
1231,down,49,49,1.9073486328125e-06
1232,right,49,49,1.6689300537109375e-06
1233,down,49,49,2.384185791015625e-06
1234,right,49,49,1.6689300537109375e-06
1235,down,49,49,1.9073486328125e-06
1236,right,49,49,1.6689300537109375e-06
1237,down,49,49,2.1457672119140625e-06
1238,right,49,49,1.9073486328125e-06
1239,down,49,49,3.337860107421875e-06
1240,right,49,49,1.9073486328125e-06
1241,down,49,49,1.9073486328125e-06
1242,right,49,49,1.6689300537109375e-06
1243,down,49,49,2.384185791015625e-06
1244,right,49,49,2.1457672119140625e-06
1245,down,49,49,1.6689300537109375e-06
1246,right,49,49,2.1457672119140625e-06
1247,down,49,49,1.9073486328125e-06
1248,right,49,49,1.6689300537109375e-06
1249,down,49,49,2.384185791015625e-06
1250,right,49,49,1.6689300537109375e-06
1251,down,49,49,1.9073486328125e-06
1252,right,49,49,1.9073486328125e-06
1253,down,49,49,1.6689300537109375e-06
1254,right,49,49,2.1457672119140625e-06
1255,down,49,49,2.1457672119140625e-06
1256,right,49,49,1.9073486328125e-06
1257,down,49,49,2.384185791015625e-06
1258,right,49,49,1.6689300537109375e-06
1259,down,49,49,1.9073486328125e-06
1260,right,49,49,1.9073486328125e-06
1261,down,49,49,2.1457672119140625e-06
1262,right,49,49,1.6689300537109375e-06
1263,down,49,49,1.9073486328125e-06
1264,right,49,49,1.9073486328125e-06
1265,down,49,49,1.9073486328125e-06
1266,right,49,49,1.6689300537109375e-06
1267,down,49,49,1.9073486328125e-06
1268,right,49,49,1.430511474609375e-06
1269,down,49,49,1.9073486328125e-06
1270,right,49,49,1.430511474609375e-06
1271,down,49,49,1.9073486328125e-06
1272,right,49,49,1.6689300537109375e-06
1273,down,49,49,1.9073486328125e-06
1274,right,49,49,1.9073486328125e-06
1275,down,49,49,1.6689300537109375e-06
1276,right,49,49,1.6689300537109375e-06
1277,down,49,49,1.9073486328125e-06
1278,right,49,49,2.1457672119140625e-06
1279,down,49,49,1.9073486328125e-06
1280,right,49,49,1.430511474609375e-06
1281,down,49,49,1.6689300537109375e-06
1282,right,49,49,1.9073486328125e-06
1283,down,49,49,1.6689300537109375e-06
1284,right,49,49,1.9073486328125e-06
1285,down,49,49,3.0994415283203125e-06
1286,right,49,49,1.2159347534179688e-05
1287,down,49,49,2.384185791015625e-06
1288,right,49,49,1.6689300537109375e-06
1289,down,49,49,2.1457672119140625e-06
1290,right,49,49,1.6689300537109375e-06
1291,down,49,49,1.9073486328125e-06
1292,right,49,49,1.9073486328125e-06
1293,down,49,49,1.9073486328125e-06
1294,right,49,49,1.6689300537109375e-06
1295,down,49,49,2.1457672119140625e-06
1296,right,49,49,1.9073486328125e-06
1297,down,49,49,1.9073486328125e-06
1298,right,49,49,1.6689300537109375e-06
1299,down,49,49,1.9073486328125e-06
1300,right,49,49,1.9073486328125e-06
1301,down,49,49,1.9073486328125e-06
1302,right,49,49,1.430511474609375e-06
1303,down,49,49,1.6689300537109375e-06
1304,right,49,49,2.1457672119140625e-06
1305,down,49,49,1.6689300537109375e-06
1306,right,49,49,2.1457672119140625e-06
1307,down,49,49,1.9073486328125e-06
1308,right,49,49,1.6689300537109375e-06
1309,down,49,49,1.6689300537109375e-06
1310,right,49,49,1.9073486328125e-06
1311,down,49,49,2.384185791015625e-06
1312,right,49,49,1.6689300537109375e-06
1313,down,49,49,2.1457672119140625e-06
1314,right,49,49,1.430511474609375e-06
1315,down,49,49,2.1457672119140625e-06
1316,right,49,49,1.9073486328125e-06
1317,down,49,49,1.6689300537109375e-06
1318,right,49,49,1.9073486328125e-06
1319,down,49,49,1.6689300537109375e-06
1320,right,49,49,2.1457672119140625e-06
1321,down,49,49,1.9073486328125e-06
1322,right,49,49,1.9073486328125e-06
1323,down,49,49,1.9073486328125e-06
1324,right,49,49,1.9073486328125e-06
1325,down,49,49,1.9073486328125e-06
1326,right,49,49,1.9073486328125e-06
1327,down,49,49,1.6689300537109375e-06
1328,right,49,49,1.9073486328125e-06
1329,down,49,49,1.9073486328125e-06
1330,right,49,49,1.6689300537109375e-06
1331,down,49,49,1.9073486328125e-06
1332,right,49,49,1.9073486328125e-06
1333,down,49,49,2.1457672119140625e-06
1334,right,49,49,1.6689300537109375e-06
1335,down,49,49,1.9073486328125e-06
1336,right,49,49,2.1457672119140625e-06
1337,down,49,49,1.9073486328125e-06
1338,right,49,49,1.430511474609375e-06
1339,down,49,49,1.6689300537109375e-06
1340,right,49,49,1.9073486328125e-06
1341,down,49,49,1.6689300537109375e-06
1342,right,49,49,1.6689300537109375e-06
1343,down,49,49,1.9073486328125e-06
1344,right,49,49,1.430511474609375e-06
1345,down,49,49,1.9073486328125e-06
1346,right,49,49,1.9073486328125e-06
1347,down,49,49,1.9073486328125e-06
1348,right,49,49,1.9073486328125e-06
1349,down,49,49,1.9073486328125e-06
1350,right,49,49,1.3113021850585938e-05
1351,down,49,49,2.1457672119140625e-06
1352,right,49,49,1.6689300537109375e-06
1353,down,49,49,2.1457672119140625e-06
1354,right,49,49,2.1457672119140625e-06
1355,down,49,49,1.9073486328125e-06
1356,right,49,49,1.6689300537109375e-06
1357,down,49,49,1.6689300537109375e-06
1358,right,49,49,1.9073486328125e-06
1359,down,49,49,1.9073486328125e-06
1360,right,49,49,1.6689300537109375e-06
1361,down,49,49,1.6689300537109375e-06
1362,right,49,49,1.9073486328125e-06
1363,down,49,49,1.9073486328125e-06
1364,right,49,49,1.6689300537109375e-06
1365,down,49,49,1.6689300537109375e-06
1366,right,49,49,1.9073486328125e-06
1367,down,49,49,1.9073486328125e-06
1368,right,49,49,1.9073486328125e-06
1369,down,49,49,1.9073486328125e-06
1370,right,49,49,1.9073486328125e-06
1371,down,49,49,2.1457672119140625e-06
1372,right,49,49,1.6689300537109375e-06
1373,down,49,49,1.9073486328125e-06
1374,right,49,49,2.384185791015625e-06
1375,down,49,49,1.9073486328125e-06
1376,right,49,49,2.6226043701171875e-06
1377,down,49,49,1.9073486328125e-06
1378,right,49,49,2.1457672119140625e-06
1379,down,49,49,2.384185791015625e-06
1380,right,49,49,2.1457672119140625e-06
1381,down,49,49,1.9073486328125e-06
1382,right,49,49,2.1457672119140625e-06
1383,down,49,49,2.86102294921875e-06
1384,right,49,49,1.6689300537109375e-06
1385,down,49,49,1.9073486328125e-06
1386,right,49,49,2.1457672119140625e-06
1387,down,49,49,2.1457672119140625e-06
1388,right,49,49,1.9073486328125e-06
1389,down,49,49,2.1457672119140625e-06
1390,right,49,49,1.9073486328125e-06
1391,down,49,49,1.6689300537109375e-06
1392,right,49,49,2.1457672119140625e-06
1393,down,49,49,2.86102294921875e-06
1394,right,49,49,1.9073486328125e-06
1395,down,49,49,2.1457672119140625e-06
1396,right,49,49,1.6689300537109375e-06
1397,down,49,49,1.9073486328125e-06
1398,right,49,49,1.9073486328125e-06
1399,down,49,49,2.1457672119140625e-06
1400,right,49,49,1.9073486328125e-06
1401,down,49,49,2.1457672119140625e-06
1402,right,49,49,1.6689300537109375e-06
1403,down,49,49,1.1444091796875e-05
1404,right,49,49,0.0016963481903076172
1405,down,49,49,2.384185791015625e-06
1406,right,49,49,1.6689300537109375e-06
1407,down,49,49,1.9073486328125e-06
1408,right,49,49,2.1457672119140625e-06
1409,down,49,49,1.9073486328125e-06
1410,right,49,49,1.9073486328125e-06
1411,down,49,49,2.1457672119140625e-06
1412,right,49,49,1.430511474609375e-06
1413,down,49,49,1.9073486328125e-06
1414,right,49,49,1.5974044799804688e-05
1415,down,49,49,4.76837158203125e-06
1416,right,49,49,0.001714944839477539
1417,down,49,49,8.821487426757812e-06
1418,right,49,49,0.0016834735870361328
1419,down,49,49,2.384185791015625e-06
1420,right,49,49,1.6689300537109375e-06
1421,down,49,49,2.384185791015625e-06
1422,right,49,49,1.9073486328125e-06
1423,down,49,49,2.1457672119140625e-06
1424,right,49,49,1.9073486328125e-06
1425,down,49,49,1.9073486328125e-06
1426,right,49,49,2.1457672119140625e-06
1427,down,49,49,2.1457672119140625e-06
1428,right,49,49,1.6689300537109375e-06
1429,down,49,49,1.6689300537109375e-06
1430,right,49,49,2.1457672119140625e-06
1431,down,49,49,2.1457672119140625e-06
1432,right,49,49,2.1457672119140625e-06
1433,down,49,49,2.1457672119140625e-06
1434,right,49,49,1.9073486328125e-06
1435,down,49,49,1.9073486328125e-06
1436,right,49,49,1.6689300537109375e-06
1437,down,49,49,2.1457672119140625e-06
1438,right,49,49,2.1457672119140625e-06
1439,down,49,49,2.1457672119140625e-06
1440,right,49,49,1.9073486328125e-06
1441,down,49,49,2.1457672119140625e-06
1442,right,49,49,1.9073486328125e-06
1443,down,49,49,1.9073486328125e-06
1444,right,49,49,1.9073486328125e-06
1445,down,49,49,1.9073486328125e-06
1446,right,49,49,1.6689300537109375e-06
1447,down,49,49,1.6689300537109375e-06
1448,right,49,49,1.9073486328125e-06
1449,down,49,49,1.9073486328125e-06
1450,right,49,49,1.9073486328125e-06
1451,down,49,49,2.1457672119140625e-06
1452,right,49,49,1.430511474609375e-06
1453,down,49,49,1.6689300537109375e-06
1454,right,49,49,1.9073486328125e-06
1455,down,49,49,2.1457672119140625e-06
1456,right,49,49,1.6689300537109375e-06
1457,down,49,49,1.6689300537109375e-06
1458,right,49,49,2.1457672119140625e-06
1459,down,49,49,2.384185791015625e-06
1460,right,49,49,1.6689300537109375e-06
1461,down,49,49,1.9073486328125e-06
1462,right,49,49,2.1457672119140625e-06
1463,down,49,49,1.6689300537109375e-06
1464,right,49,49,1.6689300537109375e-06
1465,down,49,49,1.6689300537109375e-06
1466,right,49,49,1.6689300537109375e-06
1467,down,49,49,1.9073486328125e-06
1468,right,49,49,1.9073486328125e-06
1469,down,49,49,1.9073486328125e-06
1470,right,49,49,1.9073486328125e-06
1471,down,49,49,1.6689300537109375e-06
1472,right,49,49,1.6689300537109375e-06
1473,down,49,49,1.9073486328125e-06
1474,right,49,49,1.6689300537109375e-06
1475,down,49,49,1.9073486328125e-06
1476,right,49,49,1.6689300537109375e-06
1477,down,49,49,3.337860107421875e-06
1478,right,49,49,1.3589859008789062e-05
1479,down,49,49,1.6689300537109375e-06
1480,right,49,49,1.6689300537109375e-06
1481,down,49,49,1.9073486328125e-06
1482,right,49,49,1.6689300537109375e-06
1483,down,49,49,1.9073486328125e-06
1484,right,49,49,1.6689300537109375e-06
1485,down,49,49,2.1457672119140625e-06
1486,right,49,49,1.6689300537109375e-06
1487,down,49,49,1.9073486328125e-06
1488,right,49,49,1.6689300537109375e-06
1489,down,49,49,1.9073486328125e-06
1490,right,49,49,1.9073486328125e-06
1491,down,49,49,2.1457672119140625e-06
1492,right,49,49,1.9073486328125e-06
1493,down,49,49,1.9073486328125e-06
1494,right,49,49,1.430511474609375e-06
1495,down,49,49,2.1457672119140625e-06
1496,right,49,49,1.6689300537109375e-06
1497,down,49,49,1.9073486328125e-06
1498,right,49,49,1.9073486328125e-06
1499,down,49,49,1.9073486328125e-06
1500,right,49,49,1.6689300537109375e-06
1501,down,49,49,2.1457672119140625e-06
1502,right,49,49,1.9073486328125e-06
1503,down,49,49,1.9073486328125e-06
1504,right,49,49,1.9073486328125e-06
1505,down,49,49,2.1457672119140625e-06
1506,right,49,49,1.9073486328125e-06
1507,down,49,49,2.1457672119140625e-06
1508,right,49,49,1.6689300537109375e-06
1509,down,49,49,1.9073486328125e-06
1510,right,49,49,2.1457672119140625e-06
1511,down,49,49,3.0994415283203125e-06
1512,right,49,49,1.6689300537109375e-06
1513,down,49,49,2.1457672119140625e-06
1514,right,49,49,1.6689300537109375e-06
1515,down,49,49,2.1457672119140625e-06
1516,right,49,49,1.6689300537109375e-06
1517,down,49,49,1.9073486328125e-06
1518,right,49,49,1.6689300537109375e-06
1519,down,49,49,1.9073486328125e-06
1520,right,49,49,1.9073486328125e-06
1521,down,49,49,1.6689300537109375e-06
1522,right,49,49,1.6689300537109375e-06
1523,down,49,49,1.6689300537109375e-06
1524,right,49,49,1.9073486328125e-06
1525,down,49,49,1.6689300537109375e-06
1526,right,49,49,2.1457672119140625e-06
1527,down,49,49,1.6689300537109375e-06
1528,right,49,49,2.1457672119140625e-06
1529,down,49,49,1.9073486328125e-06
1530,right,49,49,1.9073486328125e-06
1531,down,49,49,1.6689300537109375e-06
1532,right,49,49,2.1457672119140625e-06
1533,down,49,49,1.9073486328125e-06
1534,right,49,49,1.9073486328125e-06
1535,down,49,49,1.9073486328125e-06
1536,right,49,49,1.6689300537109375e-06
1537,down,49,49,2.1457672119140625e-06
1538,right,49,49,2.1457672119140625e-06
1539,down,49,49,1.6689300537109375e-06
1540,right,49,49,1.6689300537109375e-06
1541,down,49,49,1.9073486328125e-06
1542,right,49,49,1.430511474609375e-05
1543,down,49,49,1.9073486328125e-06
1544,right,49,49,2.1457672119140625e-06
1545,down,49,49,1.9073486328125e-06
1546,right,49,49,2.1457672119140625e-06
1547,down,49,49,2.1457672119140625e-06
1548,right,49,49,1.6689300537109375e-06
1549,down,49,49,1.9073486328125e-06
1550,right,49,49,2.1457672119140625e-06
1551,down,49,49,2.1457672119140625e-06
1552,right,49,49,1.9073486328125e-06
1553,down,49,49,1.9073486328125e-06
1554,right,49,49,1.9073486328125e-06
1555,down,49,49,1.9073486328125e-06
1556,right,49,49,1.6689300537109375e-06
1557,down,49,49,1.6689300537109375e-06
1558,right,49,49,1.6689300537109375e-06
1559,down,49,49,1.9073486328125e-06
1560,right,49,49,1.6689300537109375e-06
1561,down,49,49,2.1457672119140625e-06
1562,right,49,49,1.9073486328125e-06
1563,down,49,49,2.1457672119140625e-06
1564,right,49,49,1.6689300537109375e-06
1565,down,49,49,2.1457672119140625e-06
1566,right,49,49,1.6689300537109375e-06
1567,down,49,49,2.1457672119140625e-06
1568,right,49,49,1.6689300537109375e-06
1569,down,49,49,2.1457672119140625e-06
1570,right,49,49,1.9073486328125e-06
1571,down,49,49,1.9073486328125e-06
1572,right,49,49,1.6689300537109375e-06
1573,down,49,49,2.1457672119140625e-06
1574,right,49,49,1.6689300537109375e-06
1575,down,49,49,2.1457672119140625e-06
1576,right,49,49,1.430511474609375e-06
1577,down,49,49,1.6689300537109375e-06
1578,right,49,49,2.1457672119140625e-06
1579,down,49,49,1.6689300537109375e-06
1580,right,49,49,1.9073486328125e-06
1581,down,49,49,1.6689300537109375e-06
1582,right,49,49,1.9073486328125e-06
1583,down,49,49,1.6689300537109375e-06
1584,right,49,49,1.9073486328125e-06
1585,down,49,49,1.6689300537109375e-06
1586,right,49,49,2.384185791015625e-06
1587,down,49,49,2.1457672119140625e-06
1588,right,49,49,2.1457672119140625e-06
1589,down,49,49,1.9073486328125e-06
1590,right,49,49,2.384185791015625e-06
1591,down,49,49,1.6689300537109375e-06
1592,right,49,49,1.6689300537109375e-06
1593,down,49,49,1.9073486328125e-06
1594,right,49,49,1.9073486328125e-06
1595,down,49,49,1.9073486328125e-06
1596,right,49,49,2.1457672119140625e-06
1597,down,49,49,1.6689300537109375e-06
1598,right,49,49,1.9073486328125e-06
1599,down,49,49,2.1457672119140625e-06
1600,right,49,49,1.430511474609375e-06
1601,down,49,49,2.1457672119140625e-06
1602,right,49,49,1.9073486328125e-06
1603,down,49,49,1.8596649169921875e-05
1604,right,49,49,0.0016829967498779297
1605,down,49,49,3.0994415283203125e-06
1606,right,49,49,1.3113021850585938e-05
1607,down,49,49,2.1457672119140625e-06
1608,right,49,49,1.9073486328125e-06
1609,down,49,49,2.86102294921875e-06
1610,right,49,49,1.9073486328125e-06
1611,down,49,49,1.9073486328125e-06
1612,right,49,49,1.9073486328125e-06
1613,down,49,49,1.9073486328125e-06
1614,right,49,49,2.1457672119140625e-06
1615,down,49,49,1.9073486328125e-06
1616,right,49,49,1.9073486328125e-06
1617,down,49,49,1.6689300537109375e-06
1618,right,49,49,1.9073486328125e-06
1619,down,49,49,2.1457672119140625e-06
1620,right,49,49,2.1457672119140625e-06
1621,down,49,49,1.9073486328125e-06
1622,right,49,49,2.1457672119140625e-06
1623,down,49,49,2.1457672119140625e-06
1624,right,49,49,1.9073486328125e-06
1625,down,49,49,2.384185791015625e-06
1626,right,49,49,1.6689300537109375e-06
1627,down,49,49,2.384185791015625e-06
1628,right,49,49,1.430511474609375e-06
1629,down,49,49,2.1457672119140625e-06
1630,right,49,49,1.6689300537109375e-06
1631,down,49,49,2.1457672119140625e-06
1632,right,49,49,1.9073486328125e-06
1633,down,49,49,1.9073486328125e-06
1634,right,49,49,1.6689300537109375e-06
1635,down,49,49,1.6689300537109375e-06
1636,right,49,49,2.1457672119140625e-06
1637,down,49,49,1.9073486328125e-06
1638,right,49,49,1.430511474609375e-06
1639,down,49,49,2.1457672119140625e-06
1640,right,49,49,2.1457672119140625e-06
1641,down,49,49,1.6689300537109375e-06
1642,right,49,49,1.9073486328125e-06
1643,down,49,49,1.430511474609375e-06
1644,right,49,49,2.1457672119140625e-06
1645,down,49,49,1.9073486328125e-06
1646,right,49,49,1.6689300537109375e-06
1647,down,49,49,2.1457672119140625e-06
1648,right,49,49,2.86102294921875e-06
1649,down,49,49,2.6226043701171875e-06
1650,right,49,49,3.0994415283203125e-06
1651,down,49,49,1.6689300537109375e-06
1652,right,49,49,2.86102294921875e-06
1653,down,49,49,2.1457672119140625e-06
1654,right,49,49,2.1457672119140625e-06
1655,down,49,49,2.1457672119140625e-06
1656,right,49,49,2.6226043701171875e-06
1657,down,49,49,1.9073486328125e-06
1658,right,49,49,1.9073486328125e-06
1659,down,49,49,2.1457672119140625e-06
1660,right,49,49,1.6689300537109375e-06
1661,down,49,49,1.6689300537109375e-06
1662,right,49,49,2.6226043701171875e-06
1663,down,49,49,1.6689300537109375e-06
1664,right,49,49,2.1457672119140625e-06
1665,down,49,49,2.1457672119140625e-06
1666,right,49,49,1.9073486328125e-06
1667,down,49,49,1.6689300537109375e-06
1668,right,49,49,2.384185791015625e-06
1669,down,49,49,1.9073486328125e-06
1670,right,49,49,1.71661376953125e-05
1671,down,49,49,1.9073486328125e-06
1672,right,49,49,1.6689300537109375e-06
1673,down,49,49,2.1457672119140625e-06
1674,right,49,49,2.1457672119140625e-06
1675,down,49,49,1.9073486328125e-06
1676,right,49,49,1.9073486328125e-06
1677,down,49,49,1.9073486328125e-06
1678,right,49,49,2.1457672119140625e-06
1679,down,49,49,2.1457672119140625e-06
1680,right,49,49,2.1457672119140625e-06
1681,down,49,49,1.6689300537109375e-06
1682,right,49,49,1.6689300537109375e-06
1683,down,49,49,1.9073486328125e-06
1684,right,49,49,2.384185791015625e-06
1685,down,49,49,2.384185791015625e-06
1686,right,49,49,1.9073486328125e-06
1687,down,49,49,1.9073486328125e-06
1688,right,49,49,1.9073486328125e-06
1689,down,49,49,2.1457672119140625e-06
1690,right,49,49,1.6689300537109375e-06
1691,down,49,49,1.9073486328125e-06
1692,right,49,49,2.384185791015625e-06
1693,down,49,49,2.1457672119140625e-06
1694,right,49,49,1.6689300537109375e-06
1695,down,49,49,1.9073486328125e-06
1696,right,49,49,2.1457672119140625e-06
1697,down,49,49,1.9073486328125e-06
1698,right,49,49,2.1457672119140625e-06
1699,down,49,49,1.6689300537109375e-06
1700,right,49,49,1.6689300537109375e-06
1701,down,49,49,1.6689300537109375e-06
1702,right,49,49,2.1457672119140625e-06
1703,down,49,49,1.6689300537109375e-06
1704,right,49,49,1.6689300537109375e-06
1705,down,49,49,1.430511474609375e-06
1706,right,49,49,2.1457672119140625e-06
1707,down,49,49,1.6689300537109375e-06
1708,right,49,49,1.9073486328125e-06
1709,down,49,49,1.430511474609375e-06
1710,right,49,49,2.1457672119140625e-06
1711,down,49,49,1.9073486328125e-06
1712,right,49,49,2.1457672119140625e-06
1713,down,49,49,1.6689300537109375e-06
1714,right,49,49,1.6689300537109375e-06
1715,down,49,49,1.9073486328125e-06
1716,right,49,49,1.9073486328125e-06
1717,down,49,49,1.9073486328125e-06
1718,right,49,49,1.9073486328125e-06
1719,down,49,49,1.9073486328125e-06
1720,right,49,49,1.9073486328125e-06
1721,down,49,49,1.9073486328125e-06
1722,right,49,49,1.430511474609375e-06
1723,down,49,49,1.9073486328125e-06
1724,right,49,49,2.1457672119140625e-06
1725,down,49,49,1.9073486328125e-06
1726,right,49,49,1.430511474609375e-06
1727,down,49,49,1.6689300537109375e-06
1728,right,49,49,1.6689300537109375e-06
1729,down,49,49,2.1457672119140625e-06
1730,right,49,49,1.6689300537109375e-06
1731,down,49,49,1.9073486328125e-06
1732,right,49,49,1.6689300537109375e-06
1733,down,49,49,0.0016813278198242188
1734,right,49,49,1.4781951904296875e-05
1735,down,49,49,1.9073486328125e-06
1736,right,49,49,1.8596649169921875e-05
1737,down,49,49,1.9073486328125e-06
1738,right,49,49,3.337860107421875e-06
1739,down,49,49,2.1457672119140625e-06
1740,right,49,49,2.6226043701171875e-06
1741,down,49,49,1.9073486328125e-06
1742,right,49,49,1.9073486328125e-06
1743,down,49,49,2.1457672119140625e-06
1744,right,49,49,2.1457672119140625e-06
1745,down,49,49,1.9073486328125e-06
1746,right,49,49,2.384185791015625e-06
1747,down,49,49,2.1457672119140625e-06
1748,right,49,49,1.9073486328125e-06
1749,down,49,49,2.1457672119140625e-06
1750,right,49,49,2.1457672119140625e-06
1751,down,49,49,1.6689300537109375e-06
1752,right,49,49,1.9073486328125e-06
1753,down,49,49,1.9073486328125e-06
1754,right,49,49,2.1457672119140625e-06
1755,down,49,49,2.1457672119140625e-06
1756,right,49,49,1.9073486328125e-06
1757,down,49,49,1.9073486328125e-06
1758,right,49,49,1.9073486328125e-06
1759,down,49,49,1.6689300537109375e-06
1760,right,49,49,2.1457672119140625e-06
1761,down,49,49,1.6689300537109375e-06
1762,right,49,49,1.9073486328125e-06
1763,down,49,49,1.9073486328125e-06
1764,right,49,49,1.430511474609375e-06
1765,down,49,49,2.1457672119140625e-06
1766,right,49,49,1.6689300537109375e-06
1767,down,49,49,2.1457672119140625e-06
1768,right,49,49,1.6689300537109375e-06
1769,down,49,49,1.9073486328125e-06
1770,right,49,49,1.6689300537109375e-06
1771,down,49,49,1.9073486328125e-06
1772,right,49,49,2.1457672119140625e-06
1773,down,49,49,1.9073486328125e-06
1774,right,49,49,1.6689300537109375e-06
1775,down,49,49,1.9073486328125e-06
1776,right,49,49,1.9073486328125e-06
1777,down,49,49,1.9073486328125e-06
1778,right,49,49,1.430511474609375e-06
1779,down,49,49,2.384185791015625e-06
1780,right,49,49,1.6689300537109375e-06
1781,down,49,49,1.6689300537109375e-06
1782,right,49,49,2.384185791015625e-06
1783,down,49,49,1.9073486328125e-06
1784,right,49,49,2.1457672119140625e-06
1785,down,49,49,1.9073486328125e-06
1786,right,49,49,1.6689300537109375e-06
1787,down,49,49,1.9073486328125e-06
1788,right,49,49,1.6689300537109375e-06
1789,down,49,49,1.6689300537109375e-06
1790,right,49,49,3.337860107421875e-06
1791,down,49,49,1.6689300537109375e-06
1792,right,49,49,2.1457672119140625e-06
1793,down,49,49,2.384185791015625e-06
1794,right,49,49,1.430511474609375e-06
1795,down,49,49,1.6689300537109375e-06
1796,right,49,49,1.9073486328125e-06
1797,down,49,49,2.384185791015625e-06
1798,right,49,49,1.6450881958007812e-05
1799,down,49,49,1.9073486328125e-06
1800,right,49,49,1.9073486328125e-06
1801,down,49,49,2.1457672119140625e-06
1802,right,49,49,1.6689300537109375e-06
1803,down,49,49,1.2159347534179688e-05
1804,right,49,49,0.001699209213256836
1805,down,49,49,2.6226043701171875e-06
1806,right,49,49,1.9073486328125e-06
1807,down,49,49,1.9073486328125e-06
1808,right,49,49,1.430511474609375e-06
1809,down,49,49,1.9073486328125e-06
1810,right,49,49,2.1457672119140625e-06
1811,down,49,49,1.9073486328125e-06
1812,right,49,49,2.1457672119140625e-06
1813,down,49,49,1.9073486328125e-06
1814,right,49,49,1.9073486328125e-06
1815,down,49,49,1.9073486328125e-06
1816,right,49,49,1.9073486328125e-06
1817,down,49,49,2.1457672119140625e-06
1818,right,49,49,1.6689300537109375e-06
1819,down,49,49,2.1457672119140625e-06
1820,right,49,49,1.9073486328125e-06
1821,down,49,49,1.6689300537109375e-06
1822,right,49,49,1.9073486328125e-06
1823,down,49,49,2.1457672119140625e-06
1824,right,49,49,1.9073486328125e-06
1825,down,49,49,1.9073486328125e-06
1826,right,49,49,1.9073486328125e-06
1827,down,49,49,2.1457672119140625e-06
1828,right,49,49,1.430511474609375e-06
1829,down,49,49,1.9073486328125e-06
1830,right,49,49,1.6689300537109375e-06
1831,down,49,49,2.1457672119140625e-06
1832,right,49,49,1.430511474609375e-06
1833,down,49,49,1.9073486328125e-06
1834,right,49,49,1.9073486328125e-06
1835,down,49,49,1.9073486328125e-06
1836,right,49,49,1.430511474609375e-06
1837,down,49,49,1.6689300537109375e-06
1838,right,49,49,1.6689300537109375e-06
1839,down,49,49,2.1457672119140625e-06
1840,right,49,49,1.6689300537109375e-06
1841,down,49,49,1.9073486328125e-06
1842,right,49,49,1.6689300537109375e-06
1843,down,49,49,1.9073486328125e-06
1844,right,49,49,1.9073486328125e-06
1845,down,49,49,1.9073486328125e-06
1846,right,49,49,1.6689300537109375e-06
1847,down,49,49,2.1457672119140625e-06
1848,right,49,49,1.430511474609375e-06
1849,down,49,49,2.1457672119140625e-06
1850,right,49,49,1.6689300537109375e-06
1851,down,49,49,1.9073486328125e-06
1852,right,49,49,1.430511474609375e-06
1853,down,49,49,1.9073486328125e-06
1854,right,49,49,1.6689300537109375e-06
1855,down,49,49,1.6689300537109375e-06
1856,right,49,49,2.1457672119140625e-06
1857,down,49,49,1.9073486328125e-06
1858,right,49,49,1.6689300537109375e-06
1859,down,49,49,1.6689300537109375e-06
1860,right,49,49,1.9073486328125e-06
1861,down,49,49,2.6226043701171875e-06
1862,right,49,49,1.52587890625e-05
1863,down,49,49,2.1457672119140625e-06
1864,right,49,49,1.9073486328125e-06
1865,down,49,49,2.1457672119140625e-06
1866,right,49,49,2.1457672119140625e-06
1867,down,49,49,2.384185791015625e-06
1868,right,49,49,1.9073486328125e-06
1869,down,49,49,2.1457672119140625e-06
1870,right,49,49,1.9073486328125e-06
1871,down,49,49,2.1457672119140625e-06
1872,right,49,49,1.430511474609375e-06
1873,down,49,49,2.1457672119140625e-06
1874,right,49,49,1.6689300537109375e-06
1875,down,49,49,1.9073486328125e-06
1876,right,49,49,1.9073486328125e-06
1877,down,49,49,1.9073486328125e-06
1878,right,49,49,1.6689300537109375e-06
1879,down,49,49,1.9073486328125e-06
1880,right,49,49,2.1457672119140625e-06
1881,down,49,49,2.1457672119140625e-06
1882,right,49,49,1.9073486328125e-06
1883,down,49,49,1.6689300537109375e-06
1884,right,49,49,2.384185791015625e-06
1885,down,49,49,2.1457672119140625e-06
1886,right,49,49,2.384185791015625e-06
1887,down,49,49,2.1457672119140625e-06
1888,right,49,49,1.9073486328125e-06
1889,down,49,49,1.6689300537109375e-06
1890,right,49,49,2.1457672119140625e-06
1891,down,49,49,1.9073486328125e-06
1892,right,49,49,2.1457672119140625e-06
1893,down,49,49,1.6689300537109375e-06
1894,right,49,49,1.9073486328125e-06
1895,down,49,49,1.6689300537109375e-06
1896,right,49,49,1.6689300537109375e-06
1897,down,49,49,2.1457672119140625e-06
1898,right,49,49,1.9073486328125e-06
1899,down,49,49,1.9073486328125e-06
1900,right,49,49,1.9073486328125e-06
1901,down,49,49,1.6689300537109375e-06
1902,right,49,49,1.6689300537109375e-06
1903,down,49,49,2.1457672119140625e-06
1904,right,49,49,1.430511474609375e-06
1905,down,49,49,1.6689300537109375e-06
1906,right,49,49,1.6689300537109375e-06
1907,down,49,49,2.1457672119140625e-06
1908,right,49,49,2.1457672119140625e-06
1909,down,49,49,2.1457672119140625e-06
1910,right,49,49,1.430511474609375e-06
1911,down,49,49,1.9073486328125e-06
1912,right,49,49,1.9073486328125e-06
1913,down,49,49,2.1457672119140625e-06
1914,right,49,49,1.6689300537109375e-06
1915,down,49,49,1.6689300537109375e-06
1916,right,49,49,1.6689300537109375e-06
1917,down,49,49,1.9073486328125e-06
1918,right,49,49,1.9073486328125e-06
1919,down,49,49,1.9073486328125e-06
1920,right,49,49,1.9073486328125e-06
1921,down,49,49,1.6689300537109375e-06
1922,right,49,49,2.1457672119140625e-06
1923,down,49,49,1.6689300537109375e-06
1924,right,49,49,2.1457672119140625e-06
1925,down,49,49,0.0016880035400390625
1926,right,49,49,1.9073486328125e-06
1927,down,49,49,1.9073486328125e-06
1928,right,49,49,1.6689300537109375e-06
1929,down,49,49,2.384185791015625e-06
1930,right,49,49,1.9073486328125e-06
1931,down,49,49,1.6689300537109375e-06
1932,right,49,49,1.6689300537109375e-06
1933,down,49,49,1.6689300537109375e-06
1934,right,49,49,1.9073486328125e-06
1935,down,49,49,1.9073486328125e-06
1936,right,49,49,2.1457672119140625e-06
1937,down,49,49,1.9073486328125e-06
1938,right,49,49,1.9073486328125e-06
1939,down,49,49,1.430511474609375e-06
1940,right,49,49,1.6689300537109375e-06
1941,down,49,49,1.9073486328125e-06
1942,right,49,49,1.6689300537109375e-06
1943,down,49,49,1.6689300537109375e-06
1944,right,49,49,2.1457672119140625e-06
1945,down,49,49,1.6689300537109375e-06
1946,right,49,49,2.1457672119140625e-06
1947,down,49,49,1.9073486328125e-06
1948,right,49,49,1.6689300537109375e-06
1949,down,49,49,2.1457672119140625e-06
1950,right,49,49,1.6689300537109375e-06
1951,down,49,49,1.6689300537109375e-06
1952,right,49,49,1.9073486328125e-06
1953,down,49,49,2.1457672119140625e-06
1954,right,49,49,1.6689300537109375e-06
1955,down,49,49,1.6689300537109375e-06
1956,right,49,49,2.1457672119140625e-06
1957,down,49,49,1.9073486328125e-06
1958,right,49,49,1.9073486328125e-06
1959,down,49,49,1.6689300537109375e-06
1960,right,49,49,1.6689300537109375e-06
1961,down,49,49,1.9073486328125e-06
1962,right,49,49,2.1457672119140625e-06
1963,down,49,49,2.1457672119140625e-06
1964,right,49,49,1.6689300537109375e-06
1965,down,49,49,1.9073486328125e-06
1966,right,49,49,1.430511474609375e-06
1967,down,49,49,1.9073486328125e-06
1968,right,49,49,1.9073486328125e-06
1969,down,49,49,2.1457672119140625e-06
1970,right,49,49,1.9073486328125e-06
1971,down,49,49,3.0994415283203125e-06
1972,right,49,49,1.6689300537109375e-06
1973,down,49,49,6.4373016357421875e-06
1974,right,49,49,1.9073486328125e-06
1975,down,49,49,1.9073486328125e-06
1976,right,49,49,2.384185791015625e-06
1977,down,49,49,3.5762786865234375e-06
1978,right,49,49,1.6689300537109375e-06
1979,down,49,49,1.6689300537109375e-06
1980,right,49,49,2.1457672119140625e-06
1981,down,49,49,2.1457672119140625e-06
1982,right,49,49,1.9073486328125e-06
1983,down,49,49,1.6689300537109375e-06
1984,right,49,49,2.1457672119140625e-06
1985,down,49,49,1.9073486328125e-06
1986,right,49,49,1.6689300537109375e-06
1987,down,49,49,2.1457672119140625e-06
1988,right,49,49,2.1457672119140625e-06
1989,down,49,49,0.001722097396850586
1990,right,49,49,1.049041748046875e-05
1991,down,49,49,2.1457672119140625e-06
1992,right,49,49,1.9073486328125e-06
1993,down,49,49,2.1457672119140625e-06
1994,right,49,49,1.6689300537109375e-06
1995,down,49,49,2.1457672119140625e-06
1996,right,49,49,1.430511474609375e-06
1997,down,49,49,2.1457672119140625e-06
1998,right,49,49,1.430511474609375e-06
1999,down,49,49,1.6689300537109375e-06
2000,right,49,49,1.9073486328125e-06
